ID,AC,AC2,ANICOUNT,DC,DC2,DESCRIPTION,DURAMAX,LOOKS,MAC,MAC2,MC,MC2,NAME,NEED,NEEDIDENTIFY,NEEDLEVEL,PRICE,RESERVED,RESERVED1,SC,SC2,SHAPE,SOURCE,STDMODE,STOCK,WEIGHT
0,0,0,0,0,0,,1,0,0,0,0,0,命运之书,0,0,0,1,0,0,0,0,0,0,41,0,1
1,20,0,0,0,0,,1,398,0,0,0,0,金创药(小量),0,0,0,80,0,0,0,0,0,0,0,200,1
2,0,0,0,0,0,,1,394,30,0,0,0,魔法药(小量),0,0,0,80,0,0,0,0,0,0,0,200,1
3,0,0,0,0,0,,10000,1,0,0,0,0,肉,0,0,0,3000,0,0,0,0,0,0,40,10000,3
4,0,2,0,0,0,,5000,60,0,1,0,0,布衣(男),0,0,1,400,0,0,0,0,1,0,10,100,5
5,0,2,0,0,0,,5000,80,0,1,0,0,布衣(女),0,0,1,400,0,0,0,0,1,0,11,100,5
6,0,0,0,2,5,,4000,30,0,0,0,0,木剑,0,0,1,50,0,0,0,0,1,0,5,100,7
7,0,0,0,5,9,,10000,36,0,0,0,0,铁剑,0,0,10,1000,0,0,0,0,2,0,5,100,10
8,0,0,0,3,7,,6000,31,0,0,0,0,青铜剑,0,0,5,900,0,0,0,0,2,0,5,100,9
9,3,3,0,0,0,,8000,61,1,2,0,0,轻型盔甲(男),0,0,11,3000,0,0,0,0,2,0,10,100,8
10,3,3,0,0,0,,8000,81,1,2,0,0,轻型盔甲(女),0,0,11,3000,0,0,0,0,2,0,11,100,8
11,0,0,0,0,0,,1,5,0,0,0,0,干肉,0,0,0,3500,0,0,0,0,0,0,1,10000,1
12,0,0,0,10,13,,20000,45,0,0,0,0,凝霜,0,0,25,8000,0,0,0,0,13,0,5,50,20
13,0,0,0,0,0,,7,0,0,0,0,0,火球术,0,0,0,500,0,0,0,0,1,0,4,50,1
14,0,0,0,0,0,,7,0,0,0,0,0,治愈术,0,0,0,500,0,0,0,0,2,0,4,50,1
15,0,0,0,0,0,,7,0,0,0,0,0,基本剑术,0,0,0,500,0,0,0,0,0,0,4,50,1
16,0,0,0,0,0,,8000,130,0,0,0,0,蜡烛,0,0,0,10,0,0,0,0,0,0,30,10000,1
17,0,0,0,3,11,,8000,33,0,0,0,0,短剑,0,0,10,1000,0,0,0,0,4,0,5,100,9
18,0,0,0,0,0,,9,0,0,0,0,0,精神力战法,0,0,0,500,0,0,0,0,2,0,4,50,1
19,0,0,0,0,15,,10000,32,0,0,0,0,青铜斧,0,0,13,1500,0,0,0,0,3,0,5,50,10
20,4,7,0,0,0,,25000,82,2,3,0,0,重盔甲(女),0,0,22,10000,0,0,0,0,3,0,11,20,23
21,3,5,0,0,0,,20000,83,3,4,0,2,魔法长袍(女),0,0,22,9091,0,0,0,0,4,0,11,20,12
22,3,6,0,0,0,,20000,84,3,3,0,0,灵魂战衣(女),0,0,22,9091,0,0,0,2,5,0,11,20,15
23,4,7,0,0,0,,25000,62,2,3,0,0,重盔甲(男),0,0,22,10000,0,0,0,0,3,0,10,20,23
24,3,5,0,0,0,,20000,63,3,4,0,2,魔法长袍(男),0,0,22,9091,0,0,0,0,4,0,10,20,12
25,3,6,0,0,0,,20000,64,3,3,0,0,灵魂战衣(男),0,0,22,9091,0,0,0,2,5,0,10,20,15
26,0,0,0,0,0,,19,0,0,0,0,0,大火球,0,0,0,2000,0,0,0,0,1,0,4,10,1
27,0,0,0,0,0,,19,0,0,0,0,0,攻杀剑术,0,0,0,2000,0,0,0,0,0,0,4,10,1
28,0,0,0,0,0,,14,0,0,0,0,0,施毒术,0,0,0,1000,0,0,0,0,2,0,4,10,1
29,0,0,0,4,5,,10000,35,0,0,0,0,匕首,0,0,1,500,0,0,0,0,6,0,5,100,5
30,0,0,0,7,22,,30000,48,0,0,0,0,井中月,0,0,28,30000,0,0,0,0,17,0,5,50,58
31,0,1,0,7,14,,24000,38,0,0,0,0,银蛇,0,0,26,15000,0,0,1,3,9,0,5,50,26
32,0,0,0,3,10,,12000,39,0,0,1,2,海魂,0,0,15,3000,0,0,0,0,8,0,6,50,12
33,0,0,0,0,20,,25000,40,0,0,0,0,修罗,0,0,22,10000,0,0,0,0,7,0,5,50,40
34,0,0,0,0,25,,28000,41,0,0,0,0,炼狱,0,0,26,20000,0,0,0,0,11,0,6,50,60
35,0,0,0,6,12,,18000,34,0,0,0,0,凌风,0,0,19,4545,0,0,0,0,5,0,5,50,20
36,0,2,0,8,10,,11000,51,0,0,0,0,破魂,0,0,20,5000,0,0,0,0,6,0,5,50,8
37,0,0,0,5,15,,19000,37,0,0,0,0,斩马刀,0,0,20,6000,0,0,0,0,10,0,5,50,27
38,0,0,0,0,0,,1,255,0,0,0,0,食人树叶,0,0,0,50,0,0,0,0,0,0,42,50,1
39,0,0,0,0,0,,1,253,0,0,0,0,毒蜘蛛牙齿,0,0,0,50,0,0,0,0,0,0,42,50,1
40,0,0,0,0,0,,1,256,0,0,0,0,食人树果实,0,0,0,300,0,0,0,0,0,0,42,50,1
41,0,0,0,0,0,,1,254,0,0,0,0,蝎子尾巴,0,0,0,50,0,0,0,0,0,0,42,50,1
42,0,0,0,0,0,,1,252,0,0,0,0,蛆卵,0,0,0,500,0,0,0,0,0,0,42,50,1
43,0,0,0,0,0,,5000,251,0,0,0,0,灰色药粉(少量),0,0,0,2727,0,0,0,0,1,0,25,50,1
44,0,0,0,0,0,,5000,250,0,0,0,0,黄色药粉(少量),0,0,0,2727,0,0,0,0,2,0,25,50,1
45,0,0,0,0,1,,5000,145,0,0,0,0,古铜戒指,0,0,3,500,0,0,0,0,0,0,22,50,1
46,0,1,0,0,0,,8000,100,0,0,0,0,青铜头盔,0,0,10,909,0,0,0,0,0,0,15,50,4
47,0,0,0,0,1,,8000,222,0,1,0,0,金项链,0,0,2,500,0,0,0,0,0,0,20,50,1
48,0,1,0,0,0,,4000,180,0,0,0,0,铁手镯,0,0,3,800,0,0,0,0,0,0,24,50,1
49,0,0,0,0,0,,10000,251,0,0,0,0,灰色药粉(中量),0,0,1,3636,0,0,0,0,1,0,25,50,2
50,0,0,0,0,0,,15000,251,0,0,0,0,灰色药粉(大量),0,0,1,4545,0,0,0,0,1,0,25,50,3
51,0,0,0,0,0,,10000,250,0,0,0,0,黄色药粉(中量),0,0,1,3636,0,0,0,0,2,0,25,50,2
52,0,0,0,0,0,,15000,250,0,0,0,0,黄色药粉(大量),0,0,1,4545,0,0,0,0,2,0,25,50,3
53,0,1,0,6,6,,7000,43,0,0,0,0,乌木剑,0,0,1,3636,0,0,0,0,1,0,5,50,8
54,0,0,0,5,9,,15000,42,0,0,2,5,魔杖,0,0,26,15000,0,0,0,0,12,0,6,50,10
55,1,2,27,4,12,,18000,44,3,4,5,6,八荒,0,0,15,4545,0,0,7,8,15,0,5,50,25
56,0,0,0,0,0,,4000,13,0,0,0,0,鸡肉,0,0,0,2500,0,0,0,0,0,0,40,50,1
57,0,0,0,0,0,,3000,143,0,0,0,0,玻璃戒指,0,0,7,800,0,0,0,1,0,0,22,50,1
58,0,0,0,0,1,,6000,140,0,1,0,0,牛角戒指,0,0,9,1000,0,0,0,0,0,0,22,50,1
59,0,0,0,1,0,,10000,142,0,2,0,0,蓝色水晶戒指,0,0,16,1500,0,0,0,0,0,0,22,50,1
60,0,0,0,0,0,,6000,144,0,0,0,1,六角戒指,0,0,7,800,0,0,0,0,0,0,22,50,1
61,0,0,0,0,0,,8000,220,0,0,1,0,黑檀项链,0,0,13,1200,0,0,0,0,0,0,20,50,1
62,0,0,0,0,0,,8000,221,0,0,0,0,黄色水晶项链,0,0,13,1200,0,0,1,0,0,0,20,50,1
63,0,0,0,1,0,,8000,225,0,0,0,0,黑色水晶项链,0,0,13,1500,0,0,0,0,0,0,20,50,1
64,0,1,0,0,0,,8000,100,1,1,0,0,魔法头盔,0,0,14,1818,0,0,0,0,0,0,15,50,4
65,0,0,0,0,0,,1,261,0,0,0,0,沃玛号角,0,0,0,909,0,0,0,0,0,0,44,5,1
66,0,0,0,5,10,,14000,46,0,0,0,1,半月,0,0,15,3000,0,0,1,1,16,0,5,50,16
67,0,1,0,0,0,,6000,190,0,0,0,0,皮制手套,0,0,7,1500,0,0,0,0,0,0,26,50,2
68,0,2,0,0,0,,8000,191,0,0,0,0,坚固手套,0,0,18,6364,0,0,0,0,0,0,26,50,3
69,0,1,0,0,0,,5000,180,0,1,0,0,钢手镯,0,0,8,1818,0,0,0,0,0,0,26,50,1
70,0,2,0,0,0,,5000,141,0,0,0,1,生铁戒指,2,0,9,2727,0,0,0,0,0,0,22,50,1
71,0,0,0,1,1,,5000,148,0,3,1,1,金戒指,0,0,20,7273,0,0,1,1,0,0,22,50,1
72,0,1,0,1,0,,8000,233,0,0,0,0,灯笼项链,0,0,18,2727,0,0,0,0,0,0,19,50,1
73,0,2,0,0,0,,7000,230,0,0,0,0,白色虎齿项链,3,0,11,3636,0,0,1,1,0,0,19,50,1
74,0,0,0,0,0,,5000,159,0,0,1,2,魅力戒指,0,0,23,3636,0,0,0,0,0,0,23,50,1
75,0,0,0,0,0,,5000,153,0,0,0,0,道德戒指,0,0,23,3636,0,0,1,2,0,0,23,50,1
76,0,0,0,0,0,,6000,231,0,0,0,2,白金项链,2,0,10,1818,0,0,0,0,0,0,20,50,1
77,0,0,0,1,2,,5000,152,0,4,1,2,降妖除魔戒指,0,0,25,8000,0,0,1,2,0,0,22,50,1
78,0,0,0,0,0,,8000,238,0,3,0,0,躲避手链,3,0,12,20000,0,0,0,0,0,0,20,50,1
79,0,0,0,0,0,,1,408,0,0,0,0,地牢逃脱卷,0,0,1,100,0,0,0,0,1,0,3,5,1
80,0,0,0,4,10,,12000,49,0,0,1,3,偃月,0,0,20,9091,0,0,0,0,18,0,6,5,13
81,0,1,0,6,11,,17000,47,0,0,0,0,降魔,0,0,20,9091,0,0,1,2,14,0,5,5,20
82,0,1,0,0,0,,8000,237,0,0,0,0,传统项链,0,0,3,1000,0,0,0,0,0,0,20,5,1
83,0,0,0,0,0,,5000,192,0,1,0,0,小手镯,0,0,5,1000,0,0,0,0,0,0,26,5,1
84,0,0,0,0,0,,7000,202,0,1,0,0,银手镯,0,0,7,1500,0,0,0,0,0,0,24,5,2
85,1,1,0,0,0,,10000,203,0,0,0,0,大手镯,0,0,9,4545,0,0,0,0,0,0,26,5,2
86,0,0,0,0,8,,10000,50,0,0,0,0,鹤嘴锄,0,0,1,700,0,0,0,0,19,0,6,5,10
87,0,0,0,0,0,,4000,174,0,0,0,0,隐身戒指,0,0,12,20000,0,0,0,0,111,0,22,5,1
88,0,0,0,0,0,,12,0,0,0,0,0,抗拒火环,0,0,0,500,0,0,0,0,1,0,4,5,1
89,0,0,0,0,0,,16,0,0,0,0,0,地狱火,0,0,0,1000,0,0,0,0,1,0,4,5,1
90,0,0,0,0,0,,17,0,0,0,0,0,雷电术,0,0,0,1000,0,0,0,0,1,0,4,5,1
91,0,0,0,0,0,,26,0,0,0,0,0,疾光电影,0,0,0,9091,0,0,0,0,1,0,4,5,1
92,0,0,0,0,0,,18,0,0,0,0,0,灵魂火符,0,0,0,1000,0,0,0,0,2,0,4,5,1
93,0,0,0,0,0,,22,0,0,0,0,0,幽灵盾,0,0,0,2727,0,0,0,0,2,0,4,5,1
94,0,0,0,0,0,,25,0,0,0,0,0,神圣战甲术,0,0,0,4545,0,0,0,0,2,0,4,5,1
95,50,0,0,0,0,,1,400,0,0,0,0,金创药(中量),0,0,0,200,0,0,0,0,0,0,0,5,2
96,0,0,0,0,0,,1,396,80,0,0,0,魔法药(中量),0,0,0,200,0,0,0,0,0,0,0,5,2
97,0,0,0,0,2,,5000,163,0,0,0,0,黑色水晶戒指,0,0,20,1818,0,0,0,0,0,0,22,5,1
98,0,0,0,2,0,,8000,235,0,0,0,0,魔鬼项链,0,0,17,2500,0,0,0,0,0,0,20,5,1
99,0,0,0,0,4,,5000,164,0,0,0,0,珊瑚戒指,0,0,25,10000,0,0,0,0,0,0,22,5,1
100,0,0,0,2,2,,8000,246,0,0,0,0,蓝翡翠项链,0,0,23,9091,0,0,0,0,0,0,20,5,1
101,0,0,0,0,0,,5000,165,0,0,0,2,蛇眼戒指,0,0,20,1818,0,0,0,0,0,0,22,5,1
102,0,0,0,0,0,,6000,236,0,0,2,0,琥珀项链,0,0,17,1818,0,0,0,0,0,0,20,5,1
103,0,0,0,0,0,,10000,270,0,0,0,0,护身符,0,0,0,500,0,0,0,0,5,0,25,5,1
104,0,0,0,0,0,,25,0,0,0,0,0,刺杀剑术,0,0,0,4545,0,0,0,0,0,0,4,5,1
105,0,0,0,0,0,,6000,245,0,0,1,3,放大镜,0,0,24,6000,0,0,0,0,0,0,20,5,1
106,0,0,0,0,0,,5000,166,0,0,0,4,红宝石戒指,2,0,17,10000,0,0,0,0,0,0,22,5,1
107,0,0,0,0,0,,5000,161,0,0,0,0,珍珠戒指,0,0,20,1818,0,0,0,2,0,0,22,5,1
108,0,0,0,0,0,,7000,242,0,0,0,0,竹笛,0,0,24,6000,0,0,1,3,0,0,20,5,1
109,0,0,0,0,0,,5000,173,0,0,0,0,铂金戒指,3,0,17,10000,0,0,0,4,0,0,22,5,1
110,0,0,0,0,3,,5000,177,0,0,0,0,骷髅戒指,1,0,30,4545,0,0,0,0,0,0,22,5,1
111,0,0,0,0,5,,5000,169,0,0,0,0,龙之戒指,1,0,37,15000,0,0,0,0,0,0,22,5,1
112,0,0,0,1,2,,8000,188,0,0,0,0,死神手套,0,0,22,8000,0,0,0,0,0,0,26,5,2
113,2,3,0,0,0,,8000,103,0,0,0,0,骷髅头盔,1,0,30,7273,0,0,0,0,0,0,15,5,5
114,0,1,0,0,0,,7000,205,1,2,0,0,魔法手镯,0,0,18,4000,0,0,0,0,0,0,26,5,1
115,0,0,0,0,1,,7000,207,2,3,0,0,金手镯,0,0,23,6364,0,0,0,0,0,0,26,5,1
116,1,2,0,0,0,,8000,106,2,3,0,0,道士头盔,0,0,24,5000,0,0,0,0,0,0,15,5,3
117,0,0,0,0,0,,5000,172,0,0,0,0,传送戒指,0,0,12,20000,0,0,0,0,112,0,22,5,1
118,0,0,0,2,2,,8000,209,0,0,0,0,骑士手镯,1,0,39,15000,0,0,0,0,0,0,26,5,1
119,0,0,0,2,5,,8000,240,0,0,0,0,绿色项链,1,0,37,20000,0,0,0,0,0,0,20,5,1
120,0,1,0,0,0,,7000,243,0,0,0,0,凤凰明珠,0,0,17,1818,0,0,1,2,0,0,20,5,1
121,0,0,0,0,0,,7000,198,0,0,0,0,道士手镯,0,0,19,3636,0,0,0,1,0,0,26,5,1
122,1,1,0,0,0,,7000,208,0,0,0,0,三眼手镯,3,0,22,10000,0,0,1,3,0,0,26,5,1
123,0,2,0,0,0,,7000,239,0,0,0,0,灵魂项链,3,0,23,18000,0,0,1,6,0,0,20,5,1
124,0,0,0,0,0,,6000,211,0,0,0,1,黑檀手镯,0,0,19,3636,0,0,0,0,0,0,26,5,1
125,0,0,0,0,0,,6000,210,0,0,0,2,思贝儿手镯,0,0,26,10000,0,0,0,0,0,0,26,5,1
126,0,2,0,0,0,,6000,244,0,0,0,7,恶魔铃铛,2,0,27,18000,0,0,0,0,0,0,20,5,1
127,0,0,0,0,0,,10000,286,0,0,0,0,铜矿,0,0,0,3000,0,0,0,0,0,0,43,5,4
128,0,0,0,0,0,,10000,281,0,0,0,0,铁矿,0,0,0,4500,0,0,0,0,0,0,43,5,4
129,0,0,0,0,0,,10000,285,0,0,0,0,银矿,0,0,0,7000,0,0,0,0,0,0,43,5,4
130,0,0,0,0,0,,10000,280,0,0,0,0,金矿,0,0,0,10000,0,0,0,0,0,0,43,5,4
131,0,0,0,0,0,,1,2,0,0,0,0,战神油,0,0,0,5000,0,0,0,0,10,0,3,5,1
132,0,0,0,0,0,,1,402,0,0,0,0,回城卷,0,0,0,455,0,0,0,0,3,0,3,5,1
133,0,0,0,0,0,,1,26,0,0,0,0,祝福油,0,0,0,1000,0,0,0,0,4,0,3,5,1
134,0,0,0,0,1,,5000,168,0,0,0,0,麻痹戒指,0,0,16,20000,0,0,0,0,113,0,22,5,1
135,0,1,0,0,0,,5000,175,0,1,0,0,复活戒指,0,0,16,20000,0,0,0,0,114,0,22,5,1
136,0,0,0,0,0,,5000,171,0,0,1,2,火焰戒指,0,0,16,20000,0,0,0,0,115,0,22,5,1
137,0,0,0,0,0,,5000,167,0,0,0,0,防御戒指,0,0,16,20000,0,0,1,2,116,0,22,5,1
138,0,0,0,0,0,,5000,170,0,0,0,0,求婚戒指,0,0,16,20000,0,0,0,0,0,0,22,5,1
139,0,1,0,0,0,,5000,176,0,0,0,0,护身戒指,0,0,16,20000,0,0,0,0,118,0,22,5,1
140,0,0,0,0,1,,5000,170,0,0,0,0,超负载戒指,0,0,16,20000,0,0,0,0,119,0,22,5,1
141,0,0,0,0,0,,8000,241,0,0,0,0,技巧项链,0,0,16,20000,0,0,0,0,120,0,20,5,1
142,1,0,0,0,1,,5000,162,0,0,0,0,狂风戒指,0,0,16,20000,0,0,0,0,0,0,23,5,1
143,0,2,0,0,0,,7000,204,0,0,0,0,夏普儿手镯,0,0,16,20000,0,0,0,0,0,0,24,5,1
144,2,0,0,0,1,,8000,228,0,0,0,0,狂风项链,0,0,19,20000,0,0,0,0,0,0,21,5,1
145,0,0,0,0,0,,7000,200,0,2,0,0,避邪手镯,0,0,19,20000,0,0,0,0,0,0,24,5,1
146,0,0,0,0,0,,8000,248,0,0,0,0,探测项链,0,0,1,20000,0,0,0,0,121,0,20,5,1
147,0,0,0,0,0,,28,0,0,0,0,0,困魔咒,0,0,1,8000,0,0,0,0,2,0,4,5,1
148,0,0,0,0,0,,19,0,0,0,0,0,召唤骷髅,0,0,1,2000,0,0,0,0,2,0,4,5,1
149,0,0,0,0,0,,20,0,0,0,0,0,隐身术,0,0,1,2000,0,0,0,0,2,0,4,5,1
150,0,0,0,0,0,,21,0,0,0,0,0,集体隐身术,0,0,1,2727,0,0,0,0,2,0,4,5,1
151,0,0,0,0,0,,13,0,0,0,0,0,诱惑之光,0,0,1,1000,0,0,0,0,1,0,4,5,1
152,0,0,0,0,0,,19,0,0,0,0,0,瞬息移动,0,0,1,2000,0,0,0,0,1,0,4,5,1
153,0,0,0,0,0,,24,0,0,0,0,0,火墙,0,0,1,4545,0,0,0,0,1,0,4,5,1
154,0,0,0,0,0,,22,0,0,0,0,0,爆裂火焰,0,0,1,2727,0,0,0,0,1,0,4,5,1
155,0,0,0,0,0,,30,0,0,0,0,0,地狱雷光,0,0,1,8000,0,0,0,0,1,0,4,5,1
156,0,0,0,0,0,,28,0,0,0,0,0,半月弯刀,0,0,1,8000,0,0,0,0,0,0,4,5,1
157,30,0,0,0,0,,0,16,40,0,0,0,太阳水,0,0,1,909,0,0,0,0,1,0,0,5,1
158,0,0,0,0,0,,0,271,0,0,0,0,祖玛头像,0,0,1,1000,0,0,0,0,1,0,44,5,1
159,0,0,1,0,0,,1,266,0,0,0,0,介绍信,0,0,0,1,1,0,0,0,0,1,50,1,1
160,0,0,0,0,0,,1,404,0,0,0,0,随机传送卷,0,0,1,100,0,0,0,0,2,0,3,1,1
161,0,0,0,8,16,,25000,52,0,0,0,0,无极棍,3,0,25,40000,0,0,3,5,21,0,5,5,15
162,0,5,0,6,16,,20000,53,0,0,3,5,血饮,2,0,27,40000,0,0,0,0,22,0,5,5,12
163,0,0,0,0,30,,32000,55,0,0,0,0,裁决之杖,0,0,30,50000,0,0,0,0,24,0,6,5,80
164,0,0,0,0,0,,7000,178,0,0,0,0,记忆戒指,0,0,26,10000,0,0,1,3,122,0,22,5,1
165,0,0,0,2,4,,8000,247,0,0,0,0,记忆项链,0,0,26,10000,0,0,0,0,123,0,19,5,1
166,0,0,0,0,0,,6000,212,0,0,1,1,记忆手镯,0,0,26,10000,0,0,0,0,124,0,24,5,1
167,3,3,0,0,0,,8000,109,0,0,0,0,记忆头盔,0,0,26,10000,0,0,0,0,125,0,15,5,7
168,0,3,0,8,20,,20000,54,0,1,0,0,祈祷之刃,0,0,20,30000,8,0,0,0,23,0,5,5,10
169,0,0,0,0,2,,5000,213,0,0,0,0,祈祷手镯,0,0,15,10000,8,0,0,0,126,0,26,5,1
170,0,0,0,0,0,,5000,249,0,0,0,0,祈祷项链,0,0,15,10000,8,0,0,4,127,0,21,5,1
171,0,0,0,0,0,,5000,179,0,0,1,5,祈祷戒指,0,0,15,10000,8,0,0,0,128,0,23,5,1
172,3,4,0,0,0,,5000,110,1,2,0,0,祈祷头盔,0,0,18,20000,8,0,0,0,129,0,15,5,2
173,0,0,0,0,0,,1,406,0,0,0,0,行会回城卷,0,0,0,800,0,0,0,0,5,0,3,5,1
174,0,0,0,0,0,,1,27,0,0,0,0,修复油,0,0,0,800,0,0,0,0,9,0,3,5,1
175,90,0,0,0,0,,1,28,0,0,0,0,强效金创药,0,0,0,540,0,0,0,0,0,0,0,5,3
176,0,0,0,0,0,,1,29,150,0,0,0,强效魔法药,0,0,0,540,0,0,0,0,0,0,0,5,3
177,0,1,0,0,0,,6000,320,0,0,1,5,生命项链,2,0,25,10000,0,0,0,0,0,0,20,5,1
178,0,0,0,0,6,,6000,336,0,0,0,0,力量戒指,1,0,46,20000,0,0,0,0,0,0,22,5,3
179,0,0,0,0,0,,7000,328,0,0,0,0,心灵手镯,3,0,24,13000,0,0,1,2,0,0,26,5,1
180,4,5,0,0,0,,10000,344,2,3,0,0,黑铁头盔,1,0,46,40000,0,0,0,0,0,0,15,5,20
181,0,0,0,0,0,,35,0,0,0,0,0,烈火剑法,0,0,0,20000,0,0,0,0,0,0,4,5,1
182,0,0,0,0,0,,30,0,0,0,0,0,野蛮冲撞,0,0,0,8000,0,0,0,0,0,0,4,5,1
183,0,0,0,0,0,,26,0,0,0,0,0,心灵启示,0,0,0,9091,0,0,0,0,2,0,4,5,1
184,0,0,0,0,0,,33,0,0,0,0,0,群体治疗术,0,0,0,10000,0,0,0,0,2,0,4,5,1
185,0,0,0,0,0,,35,0,0,0,0,0,召唤神兽,0,0,0,20000,0,0,0,0,2,0,4,5,1
186,0,0,0,0,0,,31,0,0,0,0,0,魔法盾,0,0,0,10000,0,0,0,0,1,0,4,5,1
187,0,0,0,0,0,,32,0,0,0,0,0,圣言术,0,0,0,10000,0,0,0,0,1,0,4,5,1
188,0,0,0,0,0,,35,0,0,0,0,0,冰咆哮,0,0,0,20000,0,0,0,0,1,0,4,5,1
189,0,0,0,0,0,,0,313,0,0,0,0,超级金创药,0,0,0,3409,0,0,0,0,100,0,31,5,20
190,0,0,0,0,0,,0,314,0,0,0,0,超级魔法药,0,0,0,3409,0,0,0,0,101,0,31,5,20
191,50,0,0,0,0,,0,312,80,0,0,0,强效太阳水,0,0,0,1818,0,0,0,0,1,0,0,5,2
192,0,0,0,0,0,,1,360,0,0,0,0,骰子,0,0,0,3000,0,0,0,0,6,0,45,5,1
193,0,0,0,0,0,,1,368,0,0,0,0,佛牌,0,0,0,500,0,0,0,0,2,0,45,5,1
194,0,0,0,0,0,,30000,284,0,0,0,0,黑铁矿石,0,0,0,4500,0,0,0,0,0,0,43,5,4
195,0,0,0,0,0,,1,265,0,0,0,0,彩票,0,0,0,500,0,0,0,0,11,0,3,5,1
196,100,0,0,0,0,,1,14,160,0,0,0,疗伤药,0,0,0,10000,0,0,0,0,1,0,0,5,1
197,0,0,0,0,0,,1,14,0,0,0,0,特殊药水,0,0,0,100,0,0,0,0,3,0,0,5,1
198,0,0,0,0,0,,1,266,0,0,0,0,药剂师的信,0,0,0,10,0,0,0,0,1,0,46,5,1
199,0,0,0,12,16,,20000,65,0,0,0,0,命运之刃,0,0,35,23000,0,0,0,0,29,0,5,5,48
200,0,1,0,5,35,,33000,57,0,0,0,0,屠龙,0,0,34,60000,0,0,0,0,26,0,5,5,99
201,0,0,0,6,12,,18000,59,0,0,2,6,骨玉权杖,0,0,35,50000,0,0,0,0,28,0,6,5,20
202,0,0,0,8,20,,22000,56,0,0,0,0,龙纹剑,0,0,35,50000,0,0,3,6,25,0,5,5,40
203,0,3,0,6,13,,10000,58,0,0,2,8,嗜魂法杖,0,0,35,50000,0,0,0,0,27,0,6,5,26
204,0,0,0,0,0,,20000,131,0,0,0,0,火把,0,0,0,500,0,0,0,0,0,0,30,5,3
205,0,0,0,0,0,,1000,105,0,0,0,0,头盔,0,0,1,10,0,0,0,0,0,0,15,5,5
206,100,0,0,0,0,,1,6,100,0,0,0,鹿茸,0,0,0,4545,0,0,0,0,1,0,0,5,5
207,0,0,0,0,0,,5000,183,0,0,0,5,紫碧螺,2,0,24,15000,0,0,0,0,0,0,22,5,2
208,0,0,0,0,0,,5000,182,0,0,0,0,泰坦戒指,3,0,24,15000,0,0,2,6,0,0,22,5,3
209,0,3,0,0,0,,8000,186,0,0,0,0,幽灵手套,0,0,25,8000,0,0,0,0,0,0,26,5,5
210,0,4,0,0,0,,8000,187,0,0,0,0,阎罗手套,0,0,30,10000,0,0,0,0,0,0,26,5,10
211,0,0,0,0,0,,6000,214,0,0,0,3,龙之手镯,2,0,28,12000,0,0,0,0,0,0,26,5,3
212,0,0,0,0,0,,7000,218,0,0,0,0,天珠项链,3,0,22,10000,0,0,1,5,0,0,20,5,1
213,0,0,0,0,5,,8000,219,0,0,0,0,幽灵项链,0,0,24,10000,0,0,0,0,0,0,20,5,1
214,0,0,0,0,0,,1,117,0,0,0,0,金条,0,0,0,10,0,0,0,0,0,0,47,5,10
215,20,0,0,0,0,,1,23,20,0,0,0,鹿血,0,0,0,4000,0,0,0,0,1,0,0,5,1
216,0,0,0,0,0,,5000,181,0,0,0,0,神秘戒指,0,0,18,27,0,0,0,0,130,0,22,5,1
217,0,0,0,0,0,,8000,215,0,0,0,0,神秘腰带,0,0,18,27,0,0,0,0,131,0,26,5,1
218,0,0,0,0,0,,10000,111,0,0,0,0,神秘头盔,0,0,18,27,0,0,0,0,132,0,15,5,10
219,0,0,0,0,0,,1,119,0,0,0,0,神水,0,0,0,100,0,0,0,0,2,0,0,5,1
220,100,0,0,0,0,,1,260,100,0,0,0,万年雪霜,0,0,0,4000,0,0,0,0,1,0,0,5,2
221,0,0,0,0,1,,4000,290,0,0,0,0,魔力手镯,0,0,20,7273,0,0,0,0,0,0,26,5,2
222,0,0,0,0,0,,1,391,0,0,0,0,筹码,0,0,0,1000,0,0,0,0,1,0,46,5,2
223,20,0,0,0,0,,1,4,20,0,0,0,神秘药水,0,0,0,100,0,0,0,0,1,0,0,5,5
224,0,0,0,0,0,,0,399,0,0,0,0,金创药(小)包,0,0,0,680,0,0,0,0,102,0,31,5,8
225,0,0,0,0,0,,0,395,0,0,0,0,魔法药(小)包,0,0,0,680,0,0,0,0,103,0,31,5,8
226,0,0,0,0,0,,0,401,0,0,0,0,金创药(中)包,0,0,0,1500,0,0,0,0,104,0,31,5,14
227,0,0,0,0,0,,0,397,0,0,0,0,魔法药(中)包,0,0,0,1500,0,0,0,0,105,0,31,5,14
228,0,0,0,0,0,,0,409,0,0,0,0,地牢逃脱卷包,0,0,0,800,0,0,0,0,106,0,31,5,8
229,0,0,0,0,0,,0,405,0,0,0,0,随机传送卷包,0,0,0,800,0,0,0,0,107,0,31,5,8
230,0,0,0,0,0,,0,403,0,0,0,0,回城卷包,0,0,0,3000,0,0,0,0,108,0,31,5,8
231,0,0,0,0,0,,0,407,0,0,0,0,行会回城卷包,0,0,0,5500,0,0,0,0,109,0,31,5,8
232,0,0,0,0,0,,0,390,0,0,0,0,筹码包,0,0,0,6200,0,0,0,0,110,0,31,5,14
233,0,0,0,10,0,使用后5分钟内攻击+10,0,18,0,300,0,0,攻击神水,0,0,0,2000,0,0,0,0,12,0,3,5,3
234,0,0,0,0,0,使用后5分钟内魔法+10,0,19,0,300,10,0,魔力神水,0,0,0,2000,0,0,0,0,12,0,3,5,3
235,0,0,0,0,0,使用后5分钟内道术+10,0,20,0,300,0,0,道力神水,0,0,0,2000,0,0,10,0,12,0,3,5,3
236,0,5,0,0,0,使用后5分钟内攻击速+5,0,18,0,300,0,0,疾速神水,0,0,0,2000,0,0,0,0,12,0,3,5,3
237,50,0,0,0,0,,0,424,0,120,0,0,HP强化水,0,0,0,2000,0,0,0,0,12,0,3,5,3
238,0,0,0,0,0,,0,422,50,120,0,0,MP强化水,0,0,0,2000,0,0,0,0,12,0,3,5,3
239,0,0,0,0,0,,1,121,0,0,0,0,金砖,0,0,0,10,0,0,0,0,0,0,47,5,52
240,0,0,0,7,0,,0,425,0,180,0,0,攻击力药水,0,0,0,4000,0,0,0,0,12,0,3,5,3
241,0,0,0,0,0,,0,423,0,180,5,0,魔法力药水,0,0,0,4000,0,0,0,0,12,0,3,5,3
242,0,0,0,0,0,,0,421,0,180,0,0,道术力药水,0,0,0,4000,0,0,5,0,12,0,3,5,3
243,0,2,0,0,0,,0,420,0,180,0,0,疾风药水,0,0,0,4000,0,0,0,0,12,0,3,5,3
244,100,0,0,0,0,,0,424,0,120,0,0,HP强化水(中),0,0,0,4000,0,0,0,0,12,0,3,5,3
245,0,0,0,0,0,,0,422,100,120,0,0,MP强化水(中),0,0,0,4000,0,0,0,0,12,0,3,5,3
246,0,0,0,9,0,,0,425,0,180,0,0,强效攻击力药水,0,0,0,6000,0,0,0,0,12,0,3,5,3
247,0,0,0,0,0,,0,423,0,180,7,0,强效魔法力药水,0,0,0,6000,0,0,0,0,12,0,3,5,3
248,0,0,0,0,0,,0,421,0,180,0,0,强效道术力药水,0,0,0,6000,0,0,7,0,12,0,3,5,3
249,150,0,0,0,0,,0,424,0,120,0,0,强效HP强化水,0,0,0,6000,0,0,0,0,12,0,3,5,3
250,0,0,0,0,0,,0,422,150,120,0,0,强效MP强化水,0,0,0,6000,0,0,0,0,12,0,3,5,3
251,0,0,0,11,0,,0,425,0,240,0,0,超级攻击力药水,0,0,0,8000,0,0,0,0,12,0,3,5,3
252,0,0,0,0,0,,0,423,0,240,9,0,超级魔法力药水,0,0,0,8000,0,0,0,0,12,0,3,5,3
253,0,0,0,0,0,,0,421,0,240,0,0,超级道术力药水,0,0,0,8000,0,0,9,0,12,0,3,5,3
254,200,0,0,0,0,,0,424,0,180,0,0,超级HP强化水,0,0,0,8000,0,0,0,0,12,0,3,5,3
255,0,0,0,0,0,,0,422,200,180,0,0,超级MP强化水,0,0,0,8000,0,0,0,0,12,0,3,5,3
256,0,4,0,0,0,,0,420,0,240,0,0,超级疾风药水,0,0,0,8000,0,0,0,0,12,0,3,5,3
257,0,3,0,0,0,,0,420,0,180,0,0,强效疾风药水,0,0,0,6000,0,0,0,0,12,0,3,5,3
258,200,2,0,10,0,,0,426,200,240,10,0,苹果,0,0,0,60000,0,0,10,0,12,0,3,5,3
259,0,1,0,15,10,,22000,66,0,0,4,3,赤血魔剑,0,0,35,100000,0,0,4,2,30,0,5,5,22
260,0,0,25,1,3,,4000,430,0,0,0,0,魔血戒指,0,0,33,10000,0,0,1,0,133,0,22,5,2
261,0,0,25,0,0,,4000,429,0,0,0,0,魔血手镯,0,0,33,10000,0,0,0,1,134,0,26,5,2
262,0,0,25,2,2,,4000,428,0,0,1,3,魔血项链,0,0,33,10000,0,0,0,0,135,0,20,5,2
263,0,0,5,0,4,,4000,433,0,0,0,0,虹魔戒指,0,0,33,10000,0,0,0,0,136,0,22,5,2
264,0,0,5,0,0,,4000,434,0,0,0,0,虹魔手镯,0,0,33,10000,0,0,0,2,137,0,26,5,2
265,0,0,5,0,0,,4000,432,0,0,0,4,虹魔项链,0,0,33,10000,0,0,0,0,138,0,20,5,2
266,0,0,0,0,0,,20000,270,0,0,0,0,护身符(大),0,0,0,1000,0,0,0,0,5,0,25,5,1
267,5,9,0,0,0,,30000,62,3,5,0,0,战神盔甲(男),1,0,46,35000,0,0,0,0,3,0,10,5,45
268,5,9,0,0,0,,30000,82,3,5,0,0,战神盔甲(女),1,0,46,35000,0,0,0,0,3,0,11,5,45
269,4,7,0,0,0,,28000,64,3,3,0,0,幽灵战衣(男),3,0,27,35000,0,0,1,4,5,0,10,5,26
270,4,7,0,0,0,,28000,84,3,3,0,0,幽灵战衣(女),3,0,27,35000,0,0,1,4,5,0,11,5,26
271,4,7,0,0,0,,28000,63,3,4,1,4,恶魔长袍(男),2,0,28,35000,0,0,0,0,4,0,10,5,19
272,4,7,0,0,0,,28000,83,3,4,1,4,恶魔长袍(女),2,0,28,35000,0,0,0,0,4,0,11,5,19
273,3,5,0,0,0,,12000,61,1,2,0,0,中型盔甲(男),0,0,16,5500,0,0,0,0,2,0,10,100,18
274,3,5,0,0,0,,12000,81,1,2,0,0,中型盔甲(女),0,0,16,5500,0,0,0,0,2,0,11,100,18
275,4,5,0,0,1,,7000,104,2,3,0,0,圣战头盔,1,0,40,20000,15,0,0,0,0,0,15,5,20
276,0,0,0,3,6,,7000,229,0,0,0,0,圣战项链,1,0,40,20000,15,0,0,0,0,0,20,5,2
277,0,1,0,2,3,,7000,196,0,0,0,0,圣战手镯,1,0,40,20000,15,0,0,0,0,0,26,5,2
278,0,0,0,0,7,,7000,147,0,1,0,0,圣战戒指,1,0,40,20000,15,0,0,0,0,0,22,5,2
279,4,4,10,0,0,,7000,101,1,2,0,1,法神头盔,2,0,28,20000,16,0,0,0,0,0,15,5,2
280,1,2,10,0,0,,7000,226,0,0,1,8,法神项链,2,0,28,20000,16,0,0,0,0,0,20,5,1
281,0,1,10,0,0,,7000,197,0,0,0,4,法神手镯,2,0,28,20000,16,0,0,0,0,0,26,5,1
282,0,0,10,0,0,,7000,158,0,1,1,6,法神戒指,2,0,28,20000,16,0,0,0,0,0,22,5,1
283,4,4,0,0,0,,7000,102,1,2,0,0,天尊头盔,3,0,26,20000,17,0,0,1,0,0,15,5,3
284,1,2,0,0,0,,7000,234,0,0,0,0,天尊项链,3,0,26,20000,17,0,2,7,0,0,20,5,1
285,1,2,0,0,0,,7000,195,0,0,0,0,天尊手镯,3,0,26,20000,17,0,1,4,0,0,26,5,1
286,0,0,0,0,0,,7000,157,0,1,0,0,天尊戒指,3,0,26,20000,17,0,2,7,0,0,22,5,1
287,0,0,0,15,0,,27000,40,0,0,2,0,罗刹,0,0,1,10000,0,0,2,0,7,0,5,50,3
288,0,0,0,0,0,,7000,218,0,0,0,0,祈福项链,3,0,22,100,0,0,0,0,0,0,20,5,1
289,0,1,0,0,0,,50000,393,0,0,0,0,荣誉勋章11号,0,0,0,5000,0,0,0,0,0,0,30,5,1
290,0,0,0,0,0,,50000,393,0,1,0,0,荣誉勋章12号,0,0,0,5000,0,0,0,0,0,0,30,5,1
291,0,0,0,0,1,,50000,393,0,0,0,0,荣誉勋章13号,0,0,0,5000,0,0,0,0,0,0,30,5,1
292,0,0,0,0,0,,50000,393,0,0,0,1,荣誉勋章14号,0,0,0,5000,0,0,0,0,0,0,30,5,1
293,0,0,0,0,0,,50000,393,0,0,0,0,荣誉勋章15号,0,0,0,5000,0,0,0,1,0,0,30,5,1
294,0,2,0,0,0,,50000,393,0,0,0,0,荣誉勋章21号,0,0,0,5000,0,0,0,0,0,0,30,5,1
295,0,0,0,0,0,,50000,393,0,2,0,0,荣誉勋章22号,0,0,0,5000,0,0,0,0,0,0,30,5,1
296,0,0,0,0,2,,50000,393,0,0,0,0,荣誉勋章23号,0,0,0,5000,0,0,0,0,0,0,30,5,1
297,0,0,0,0,0,,50000,393,0,0,0,2,荣誉勋章24号,0,0,0,5000,0,0,0,0,0,0,30,5,1
298,0,0,0,0,0,,50000,393,0,0,0,0,荣誉勋章25号,0,0,0,5000,0,0,0,2,0,0,30,5,1
299,1,2,0,0,0,,50000,393,0,0,0,0,荣誉勋章31号,0,0,0,5000,0,0,0,0,0,0,30,5,1
300,0,0,0,0,0,,50000,393,1,2,0,0,荣誉勋章32号,0,0,0,5000,0,0,0,0,0,0,30,5,1
301,0,0,0,1,2,,50000,393,0,0,0,0,荣誉勋章33号,0,0,0,5000,0,0,0,0,0,0,30,5,1
302,0,0,0,0,0,,50000,393,0,0,1,2,荣誉勋章34号,0,0,0,5000,0,0,0,0,0,0,30,5,1
303,0,0,0,0,0,,50000,393,0,0,0,0,荣誉勋章35号,0,0,0,5000,0,0,1,2,0,0,30,5,1
304,1,3,0,0,0,,50000,393,0,0,0,0,荣誉勋章41号,0,0,0,5000,0,0,0,0,0,0,30,5,1
305,0,0,0,0,0,,50000,393,1,3,0,0,荣誉勋章42号,0,0,0,5000,0,0,0,0,0,0,30,5,1
306,0,0,0,1,3,,50000,393,0,0,0,0,荣誉勋章43号,0,0,0,5000,0,0,0,0,0,0,30,5,1
307,0,0,0,0,0,,50000,393,0,0,1,3,荣誉勋章44号,0,0,0,5000,0,0,0,0,0,0,30,5,1
308,0,0,0,0,0,,50000,393,0,0,0,0,荣誉勋章45号,0,0,0,5000,0,0,1,3,0,0,30,5,1
309,0,3,0,10,18,,28000,69,0,0,3,6,龙牙,2,0,28,85000,0,0,0,0,31,0,5,100,25
310,0,5,0,12,26,,35000,70,0,0,0,0,怒斩,1,0,42,85000,0,0,0,0,32,0,5,100,85
311,0,3,0,5,13,,30000,71,0,0,0,0,逍遥扇,0,0,35,85000,0,0,4,10,33,0,5,100,45
312,5,12,0,1,2,,35000,85,4,7,0,0,天魔神甲,0,0,40,35000,0,0,0,0,6,0,10,5,62
313,5,12,0,1,2,,35000,88,4,7,0,0,圣战宝甲,0,0,40,35000,0,0,0,0,6,0,11,5,62
314,4,9,0,0,0,,26000,86,4,6,2,5,法神披风,0,0,40,35000,0,0,0,0,7,0,10,5,21
315,4,9,0,0,0,,26000,89,4,6,2,5,霓裳羽衣,0,0,40,35000,0,0,0,0,7,0,11,5,21
316,4,9,0,0,0,,30000,87,4,6,0,0,天尊道袍,0,0,40,35000,0,0,2,5,8,0,10,5,37
317,4,9,0,0,0,,30000,90,4,6,0,0,天师长袍,0,0,40,35000,0,0,2,5,8,0,11,5,37
318,0,0,0,12,22,,20000,65,0,0,0,0,命运之刃,0,0,30,23000,0,0,0,0,29,0,5,5,48
319,0,2,0,6,32,,30000,65,0,0,2,7,霸者之刃,0,0,40,23000,0,0,3,8,29,0,5,5,48
320,0,0,0,0,0,双倍经验持续2小时,20000,392,0,0,0,0,双倍勋章,0,0,0,50000,18,0,0,0,0,0,30,5,1
321,0,0,0,0,0,,1,122,0,0,0,0,金盒,0,0,0,300000,0,0,0,0,0,0,47,5,110
322,0,0,1,0,0,,10000,1088,0,0,0,0,红名清洗卡,0,0,0,5000,0,0,0,0,0,0,31,100,1
323,0,0,2,0,0,,10000,1088,0,0,0,0,玛雅传送卡,0,0,0,5000,0,0,0,0,0,0,31,100,1
324,0,0,0,0,0,,5000,1000,0,0,0,0,千里传音(小),0,0,0,5000,0,0,0,0,0,0,7,1,1
325,0,0,3,0,0,,500,1024,0,0,0,0,记路标石,0,0,0,5000,0,0,0,0,0,1,31,1,1
326,0,0,26,0,0,,1,1015,0,0,0,0,九珠连环炮,0,0,0,5000,0,0,0,0,1,0,31,5,1
327,0,0,4,0,0,,20,1010,0,0,0,0,盟重传送石,0,0,0,50000,0,0,0,0,0,1,31,5,1
328,0,0,5,0,0,,20,999,0,0,0,0,比奇传送石,0,0,0,50000,0,0,0,0,0,1,31,5,1
329,0,0,6,0,0,,20,1024,0,0,0,0,苍月传送石,0,0,0,50000,0,0,0,0,0,1,31,5,1
330,0,0,7,0,0,,20,1024,0,0,0,0,封魔传送石,0,0,0,50000,0,0,0,0,0,1,31,5,1
331,0,0,0,0,0,,20000,1025,0,0,0,0,随机传送石,0,0,0,50000,0,0,0,0,3,0,2,1,1
332,0,0,8,0,0,,1,1013,0,0,0,0,个性发型,0,0,0,20000,0,0,0,0,0,0,31,5,1
333,0,0,9,0,0,,1,1013,0,0,0,0,反璞归真,0,0,0,20000,0,0,0,0,0,0,31,5,1
334,0,0,30,0,0,,0,1088,0,0,0,0,表情卡,0,0,0,20000,0,0,0,0,0,0,31,5,1
335,0,0,11,0,0,,20000,989,0,0,0,0,双倍经验宝典,0,0,1,20000,0,0,0,0,0,0,31,5,1
336,0,0,12,0,0,,30000,989,0,0,0,0,三倍经验宝典,0,0,1,20000,0,0,0,0,0,0,31,5,1
337,0,0,13,0,0,,1,1120,0,0,0,0,10元宝,0,0,1,20000,0,0,0,0,0,0,31,5,1
338,0,0,14,0,0,,1,1120,0,0,0,0,20元宝,0,0,1,20000,0,0,0,0,0,0,31,5,1
339,0,0,15,0,0,,1,1120,0,0,0,0,50元宝,0,0,1,20000,0,0,0,0,0,0,31,5,1
340,0,0,16,0,0,,1,1120,0,0,0,0,100元宝,0,0,1,20000,0,0,0,0,0,0,31,5,1
341,0,0,17,0,0,,1,1120,0,0,0,0,500元宝,0,0,1,20000,0,0,0,0,0,0,31,5,1
342,0,0,0,0,0,,10000,1000,0,0,0,0,千里传音(大),0,0,0,5000,0,0,0,0,0,0,7,1,1
343,0,0,0,0,0,,1000,120,0,0,0,0,修复神水,0,0,1,3409,0,0,0,0,9,0,2,5,1
344,0,0,18,0,0,,1,1121,0,0,0,0,移动仓库卷,0,0,0,50000,0,0,0,0,0,0,31,5,1
345,0,0,19,0,0,,0,1016,0,0,0,0,一心一意,0,0,1,3409,0,0,0,0,1,0,31,5,1
346,0,0,20,0,0,,0,1016,0,0,0,0,心心相印,0,0,1,3409,0,0,0,0,1,0,31,5,1
347,0,0,21,0,0,,0,1016,0,0,0,0,飞火流星,0,0,1,3409,0,0,0,0,1,0,31,5,1
348,0,0,22,0,0,,0,1016,0,0,0,0,浪漫星雨,0,0,1,3409,0,0,0,0,1,0,31,5,1
349,0,0,23,0,0,,0,1016,0,0,0,0,绮梦幻想,0,0,1,3409,0,0,0,0,1,0,31,5,1
350,0,0,24,0,0,,0,1016,0,0,0,0,长空火舞,0,0,1,3409,0,0,0,0,1,0,31,5,1
351,0,0,25,0,0,,0,1016,0,0,0,0,如雾似梦,0,0,1,3409,0,0,0,0,1,0,31,5,1
352,0,0,0,0,0,,0,1015,0,0,0,0,一心一意包,0,0,0,3409,0,0,0,0,117,0,31,5,20
353,0,0,0,0,0,,0,1015,0,0,0,0,心心相印包,0,0,0,3409,0,0,0,0,118,0,31,5,20
354,0,0,0,0,0,,0,1015,0,0,0,0,飞火流星包,0,0,0,3409,0,0,0,0,119,0,31,5,20
355,0,0,0,0,0,,0,1015,0,0,0,0,浪漫星雨包,0,0,0,3409,0,0,0,0,120,0,31,5,20
356,0,0,0,0,0,,0,1015,0,0,0,0,绮梦幻想包,0,0,0,3409,0,0,0,0,121,0,31,5,20
357,0,0,0,0,0,,0,1015,0,0,0,0,长空火舞包,0,0,0,3409,0,0,0,0,122,0,31,5,20
358,0,0,0,0,0,,0,1015,0,0,0,0,如雾似梦包,0,0,0,3409,0,0,0,0,123,0,31,5,20
359,0,0,3,0,0,,0,1007,0,0,0,0,强效太阳包,0,0,0,10000,0,0,0,0,114,0,31,5,20
360,0,0,0,0,0,,1000,270,0,0,0,0,传送符,0,0,0,1000,0,0,0,0,6,0,25,5,1
361,0,0,27,0,0,内含首饰一套！,0,1030,0,0,0,0,圣战大礼包,0,0,0,5000,0,0,0,0,0,0,31,5,1
362,0,0,28,0,0,内含首饰一套！,0,1030,0,0,0,0,法神大礼包,0,0,0,5000,0,0,0,0,0,0,31,5,1
363,0,0,29,0,0,内含首饰一套！,0,1030,0,0,0,0,天尊大礼包,0,0,0,5000,0,0,0,0,0,0,31,5,1
364,0,0,0,0,0,,5000,1025,0,0,0,0,随机石(小),0,0,0,5000,0,0,0,0,3,0,2,5,1
365,0,0,32,0,0,购买宝宝，提升宝宝等级,3000,1011,0,0,0,0,宠物卷,0,0,0,5000,0,0,0,0,0,0,31,5,1
366,0,2,0,0,1,,8000,1188,0,2,0,1,斗笠,0,0,30,20000,0,0,0,1,0,0,15,5,2
